insert into s_region values ('1','North America')
insert into s_region values ('2','South America')
insert into s_region values ('3','Africa / Middle East')
insert into s_region values ('4','Asia')
insert into s_region values ('5','Europe')
insert into s_dept values ('10','Finance','1')
insert into s_dept values ('31','Sales','1')
insert into s_dept values ('32','Sales','2')
insert into s_dept values ('33','Sales','3')
insert into s_dept values ('34','Sales','4')
insert into s_dept values ('35','Sales','5')
insert into s_dept values ('41','Operations','1')
insert into s_dept values ('42','Operations','2')
insert into s_dept values ('43','Operations','3')
insert into s_dept values ('44','Operations','4')
insert into s_dept values ('45','Operations','5')
insert into s_dept values ('50','Administration','1')
insert into s_emp values ('1','Velasquez','Carmen','avelasqu','03.03.90','','','President','50','2500','')
insert into s_emp values ('2','Ngao','LaDoris','lngao','08.03.90','1','','VP, Operations','41','1450','')
insert into s_emp values ('3','Nagayamn','Midori','mnagayam','17.06.91','1','','VP, Sales','31','1400','')
insert into s_emp values ('4','Quick-To-See','Mark','mquickto','07.04.90','1','','VP, Finance','10','1450','')
insert into s_emp values ('5','Ropeburn','Audry','aropebur','04.03.90','1','','VP, Administration','50','1550','')
insert into s_emp values ('6','Urguhart','Molly','murguhar','18.01.91','2','','Warehouse Manager','41','1200','')
insert into s_emp values ('7','Menchu','Robertn','rmenchu','14.05.90','2','','Warehouse Manager','42','1250','')
insert into s_emp values ('8','Biri','Ben','bbiri','07.04.90','2','','Warehouse Manager','43','1100','')
insert into s_emp values ('9','Catchpole','Antoinette','acatchpo','09.02.92','2','','Warehouse Manager','44','1300','')
insert into s_emp values ('10','Havel','Marta','mhavel','27.02.91','2','','Warehouse Manager','45','1307','')
insert into s_emp values ('11','Magee','Colin','cmagee','14.05.90','3','','Sales Representative','31','1400','10')
insert into s_emp values ('12','Giljum','Henry','hgiljum','18.01.92','3','','Sales Representative','32','1490','12,5')
insert into s_emp values ('13','Sedeghi','Yasmin','ysedeghi','18.02.91','3','','Sales Representative','33','1515','10')
insert into s_emp values ('14','Nguyen','Mai','mnquyen','22.01.92','3','','Sales Representative','34','1525','15')
insert into s_emp values ('15','Dumas','Andre','adumas','09.10.91','3','','Sales Representative','35','1450','17,5')
insert into s_emp values ('16','Maduro','Elena','emaduro','09.02.91','6','','Stock Clerk','41','1400','')
insert into s_emp values ('17','Smith','George','gsmith','08.02.90','6','','Stock Clerk','41','940','')
insert into s_emp values ('18','Nozaki','Akira','anozaki','09.02.91','7','','Stock Clerk','42','1200','')
insert into s_emp values ('19','Patei','Vikram','vpatei','06.08.91','7','','Stock Clerk','42','795','')
insert into s_emp values ('20','Newman','Chad','cnewman','21.08.91','8','','Stock Clerk','43','750','')
insert into s_emp values ('21','Markarian','Alexandr','amarkari','26.11.91','8','','Stock Clerk','43','850','')
insert into s_emp values ('22','Chang','Eddie','echang','30.11.90','9','','Stock Clerk','44','800','')
insert into s_emp values ('23','Patel','Radha','rpatel','17.10.90','9','','Stock Clerk','34','795','')
insert into s_emp values ('24','Dancs','Bela','bdancs','17.03.91','10','','Stock Clerk','45','860','')
insert into s_emp values ('25','Schwartz','Sylvie','sschwart','09.11.91','','10','Stock Clerk','45','1100','')
insert into s_emp values ('26','novikova','nina','nnovik','12.09.99','1','','Warehouse Manager','10','2000','')
INSERT INTO s_customer VALUES(201,'Unisports','55-2066101','72 Via Bahia','Sao Paolo','','Brazil','','EXCELLENT',12,2,'Customer usually orders large amounts and has a hiqh order total.  This is okay as long')
INSERT INTO s_customer VALUES(202,'Simms Atheletics','8 1-20101','6741 Takashi Blvd.','Osaka','','Japan','','POOR',14,4,'Customer should always pay by cash until his credit rating improves.')
INSERT INTO s_customer VALUES(203,'Delhi Sports','91-10351','11368 Chanakya','New Delhi','','India','','GOOD',14,4,'Customer specializes in baseball equipment and is the largest retailer in India.')
INSERT INTO s_customer VALUES(204,'Womansport','1-206-104-0103','281 King Street','Seattle','','USA','98 101','EXCELLENT',11,1,'')
INSERT INTO s_customer VALUES(205,'Kam"s Sporting Goods','852-3692888','15 Henessey Road','Hong Kong','','','','EXCELLENT',15,4,'')
INSERT INTO s_customer VALUES(206,'Sportique','33-2257201','172 Rue de Rivoli','Cannes','','France','','EXCELLENT',15,5,'Customer specializes in Soccer. Likes to order accessories in bright colors.')
INSERT INTO s_customer VALUES(207,'Sweet Rock Sports','234-6036201','6 Saint Antoine','Lagos','','Nigeria','','GOOD',3,'','')
INSERT INTO s_customer VALUES(208,'Muench Sports','49-527454','435 Gruenestrasse','Stuttgart','','Germany','','GOOD',15,5,'Customer usually pays small orders by cash and large orders on credit.')
INSERT INTO s_customer VALUES(209,'Beisbol Si!','809-352689','792 Playa Del Mar','San Pedro de Macon"s','','Dominican Republic','','EXCELLENT',11,1,'')
INSERT INTO s_customer VALUES(210,'Futbol Sonora','52-404562','3 Via Saguaro','Nogales','','Mexico','','EXCELLENT',12,2,'Customer is difficult to reach by phone. Try mail.')
INSERT INTO s_customer VALUES(211,'Kuhn"s Sports','42-111292','7 Modrany','Prague','','Czechoslovakia','','EXCELLENT',15,5,'')
INSERT INTO s_customer VALUES(212,'Hamada Sport','20-1209211','57A Corniche','Alexandria','','Egypt','','EXCELLENT',13,3,'Customer orders sea and water equipment.')
INSERT INTO s_customer VALUES(213,'Big John"s Sports Emporium','1-415-555-6281','4783 18th Street','San Francisco','','USA','94117','EXCELLENT',11,1,'Customer has a dependable credit record.')
INSERT INTO s_customer VALUES(214,'Ojibvay Retail','1-716-555-7171','415 Main Street','Buffalo','','USA','14202','POOR',11,1,'')
INSERT INTO s_customer VALUES(215,'Sporta Russia','7-3892456','6000 Yekatamina','Saint Petersburg','','Russia','','POOR',15,5,'This customer is very friendly, hut has difficulty paying bills. Insist upon cash.')
INSERT INTO S_PRODUCT VALUES(10011,'Bunny Boot','Beginner"s ski boot',518,1001,150)
INSERT INTO S_PRODUCT VALUES(10012,'Ace Ski Boot','Intermediate ski boot',519,1002,200.00)
INSERT INTO S_PRODUCT VALUES(10013,'Pro Ski Boot','Advanced ski boot',520,1003,410.00)
INSERT INTO S_PRODUCT VALUES(10021,'Bunny Ski Pole','"Beginner""s ski pole"',528,1011,16.25)
INSERT INTO S_PRODUCT VALUES(10022,'Ace Ski Pole','Intermediate ski pole',529,1012,21.95)
INSERT INTO S_PRODUCT VALUES(10023,'Pro Ski Pole','Advanced ski pole',530,1013,40.95)
INSERT INTO S_PRODUCT VALUES(20106,'Junior Soccer Ball','Junior soccer ball',613,'',11.00)
INSERT INTO S_PRODUCT VALUES(20108,'World Cup Soccer Ball','World cup soccer ball',615,'',28.00)
INSERT INTO S_PRODUCT VALUES(20201,'World Cup Net','World cup net',708,'',123)
INSERT INTO S_PRODUCT VALUES(20510,'Black Hawk Knee Pads','Knee pads, pair',1017,'',9)
INSERT INTO S_PRODUCT VALUES(20512,'Black Hawk Elbow Pads','Elbow pads, pair',1019,'',8)
INSERT INTO S_PRODUCT VALUES(30321,'Grand Prix Bicycle','Road bicycle',828,1291,1669)
INSERT INTO S_PRODUCT VALUES(30326,'Himalaya Bicycle','Mountain bicycle',833,1296,582)
INSERT INTO S_PRODUCT VALUES(30421,'Grand Prix Bicycle Tires ','Road bicycle tires',927,'',16)
INSERT INTO S_PRODUCT VALUES(30426,'Himalaya Tires','Mountain bicycle tires',933,'',18.25)
INSERT INTO S_PRODUCT VALUES(30433,'New Air Pump','Tire pump',940,'',20)
INSERT INTO S_PRODUCT VALUES(32779,'Slaker Water Bottle','Mater bottle',1286,'',7)
INSERT INTO S_PRODUCT VALUES(32861,'Safe-T Helmet','Bicycle helmet',1368,1829,60)
INSERT INTO S_PRODUCT VALUES(40421,'Alexeyer Pro Lifting Bar ','Straight bar',928,1381,65)
INSERT INTO S_PRODUCT VALUES(40422,'Pro Curling Bar','Curling bar',517,1382,50)
INSERT INTO S_PRODUCT VALUES(41010,'Prostar 10 Pound Weight','Ten pound weight',527,'',8)
INSERT INTO S_PRODUCT VALUES(41020,'Prostar 20 Pound Weight','Twenty pound weight',557,'',12)
INSERT INTO S_PRODUCT VALUES(41050,'Prostar 50 Pound Weight','Fifty pound weight',587,'',25)
INSERT INTO S_PRODUCT VALUES(50169,'Major League Baseball','Baseball',676,1119,4.29)
INSERT INTO S_PRODUCT VALUES(50273,'Chapman Helmet','Batting helmet',780,1223,22.89)
INSERT INTO S_PRODUCT VALUES(50417,'Griffey Glove','"Outfielder""s glove"',924,1367,80)
INSERT INTO S_PRODUCT VALUES(50418,'Alomar Glove','"Infielder""s glove"',925,1368,75)
INSERT INTO S_PRODUCT VALUES(50419,'Steinbach Glove','"Catcher""s glove"',926,1369,80)
INSERT INTO S_PRODUCT VALUES(50530,'Cabrera Bat','Thirty inch bat',1037,1480,45)
INSERT INTO S_PRODUCT VALUES(50532,'Puckett Bat','Thirty-two inch bat',1039,1482,47)
INSERT INTO S_PRODUCT VALUES(50536,'Winfield Bat','Thirty-six inch bat',1043,1486,50)
insert into s_inventory values (1, 10011, 100, NULL, 2000, NULL, '23.03.03')
insert into s_inventory values (1, 10012, 200, NULL, 200, NULL, '25.03.01')
insert into s_inventory values (1, 10013, 125, NULL, 250, NULL, '13.03.03')
insert into s_inventory values (1, 10021, 12, NULL, 30, NULL, '13.03.03')
insert into s_inventory values (2, 10011, 700, NULL, 700, NULL, '09.03.03')
insert into s_inventory values (2, 10013, 40, NULL, 200, NULL, '01.01.02')
insert into s_inventory values (2, 10021, 534, NULL, 550, NULL, '01.03.03')
insert into s_inventory values (3, 10011, 230, NULL, 200, NULL, '05.03.02')
insert into s_inventory values (3, 10022, 20, NULL, 2100, NULL, '13.05.00')
insert into s_inventory values (3, 10023, 17, NULL, 200, NULL, '22.08.03')
insert into s_inventory values (3, 20106, 15, NULL, 200, NULL, '23.05.00')
insert into s_inventory values (3, 20108, 900, NULL, 7300, NULL, '30.11.03')
insert into s_inventory values (3, 20201, 483, NULL, 2000, NULL, '28.12.01')
insert into s_inventory values (3, 20510, 147, NULL, 2050, NULL, '01.12.03')
insert into s_inventory values (3, 20512, 3740, NULL, 20100, NULL, '10.09.03')
insert into s_inventory values (3, 30433, 263, NULL, 2070, NULL, '12.07.03')
insert into s_inventory values (1, 20106, 979, NULL, 980, NULL, '12.02.03')
insert into s_inventory values (1, 30433, 1000, NULL, 1000, NULL, '15.01.03')
insert into s_inventory values (2, 50536, 0, NULL, 600, NULL, '28.05.03')
insert into s_inventory values (2, 50419, 0, NULL, 4000, NULL, '03.03.03')
insert into s_inventory values (1, 50532, 0, NULL, 1500, NULL, '13.03.03')
insert into s_inventory values (1, 50419, 70, NULL, 70, NULL, '22.04.03')
insert into s_inventory values (3, 50419, 100, NULL, 100, NULL, '23.03.03')
insert into s_ord values ('97','201','28.08.92','17.09.92','12','84000','CREDIT','')
insert into s_ord values ('98','202','31.08.92','10.09.92','14','595','CASH','')
insert into s_ord values ('99','203','31.08.92','18.09.92','14','7707','CREDIT','')
insert into s_ord values ('100','204','31.08.92','10.09.92','11','601100','CREDIT','')
insert into s_ord values ('101','205','31.08.92','15.09.92','14','8056,6','CREDIT','')
insert into s_ord values ('102','206','01.09.92','08.09.92','15','8335','CREDIT','')
insert into s_ord values ('103','208','02.09.92','22.09.92','15','377','CASH','')
insert into s_ord values ('104','208','03.09.92','23.09.92','15','32430','CREDIT','')
insert into s_ord values ('105','209','04.09.92','18.09.92','11','2722,24','CREDIT','')
insert into s_ord values ('106','210','07.09.92','15.09.92','12','15634','CREDIT','')
insert into s_ord values ('107','211','07.09.92','21.09.92','15','142171','CREDIT','')
insert into s_ord values ('108','212','07.09.92','10.09.92','13','149570','CREDIT','')
insert into s_ord values ('109','213','08.09.92','28.09.92','11','1020935','CREDIT','')
insert into s_ord values ('110','214','09.09.92','21.09.92','11','1539,13','CASH','')
insert into s_ord values ('111','204','09.09.92','21.09.92','11','2770','CASH','')
insert into s_ord values ('112','210','31.08.92','10.09.92','12','550','CREDIT','')
insert into s_item values ('1','10011','100','135','500','500')
insert into s_item values ('1','20106','97','9','1000','1000')
insert into s_item values ('1','20106','107','11','50','50')
insert into s_item values ('1','20106','112','11','50','50')
insert into s_item values ('1','20108','106','28','46','46')
insert into s_item values ('1','20510','99','9','18','18')
insert into s_item values ('1','20510','108','9','9','9')
insert into s_item values ('1','30326','109','582','1500','1500')
insert into s_item values ('1','30421','101','16','15','15')
insert into s_item values ('1','40421','98','85','7','7')
insert into s_item values ('1','40421','111','65','27','27')
insert into s_item values ('1','50273','105','22,89','16','16')
insert into s_item values ('1','50273','110','22','89','17')
insert into s_item values ('2','20108','107','28','22','22')
insert into s_item values ('2','20201','102','123','45','45')
insert into s_item values ('2','20201','106','123','21','21')
insert into s_item values ('2','20512','99','8','25','25')
insert into s_item values ('2','20512','104','8','12','12')
insert into s_item values ('2','20512','108','8','18','18')
insert into s_item values ('2','30321','97','1500','50','50')
insert into s_item values ('2','32779','103','7','11','11')
insert into s_item values ('2','40422','101','50','30','30')
insert into s_item values ('2','50419','105','80','13','13')
insert into s_item values ('2','50536','110','50','23','23')
insert into s_item values ('3','20201','107','115','130','130')
insert into s_item values ('3','30321','104','1669','19','19')
insert into s_item values ('3','30321','108','1669','85','85')
insert into s_item values ('3','41010','101','8','20','20')
insert into s_item values ('3','50169','106','4,29','125','125')
insert into s_item values ('3','50417','99','80','53','53')
insert into s_item values ('3','50532','105','47','28','28')
insert into s_item values ('4','10011','109','140','150','150')
insert into s_item values ('4','10023','100','36','400','400')
insert into s_item values ('4','20108','102','28','100','100')
insert into s_item values ('4','20510','104','9','7','7')
insert into s_item values ('4','30321','107','1669','75','75')
insert into s_item values ('4','30421','104','16','35','35')
insert into s_item values ('4','30433','103','20','15','15')
insert into s_item values ('4','32779','108','7','60','60')
insert into s_item values ('4','50273','106','22,89','75','75')
insert into s_item values ('4','50530','99','45','69','69')
insert into s_item values ('5','30326','100','582','600','600')
insert into s_item values ('5','30421','107','16','55','55')
insert into s_item values ('5','30426','109','18,25','500','500')
insert into s_item values ('5','32861','108','60','57','57')
insert into s_item values ('5','50169','101','4,29','40','40')
insert into s_item values ('5','50418','106','75','98','98')
insert into s_item values ('6','30433','100','20','450','450')
insert into s_item values ('6','32861','109','60','50','50')
insert into s_item values ('6','50417','101','80','27','27')
insert into s_item values ('6','50419','106','80','27','27')
insert into s_item values ('7','41010','100','8','250','250')
insert into s_item values ('7','50418','109','75','43','43')
insert into s_item values ('7','50530','101','45','50','50')
INSERT INTO s_salgrade VALUES (1, 1, 1000)
INSERT INTO s_salgrade VALUES (2, 1001, 1500)
INSERT INTO s_salgrade VALUES (3, 1501, 2000)
INSERT INTO s_salgrade VALUES (4, 2001, 2500)
INSERT INTO s_salgrade VALUES (5, 2501, 3000)